attachid,content,task_taskid
0d977f50-6bc4-4dc0-a905-4f159f383274,text/csv,2dabaa5a-a037-4090-8529-573b7f441e24
15bcf282-7f83-433c-9820-63c9f32b296e,text/csv,26590fb8-1428-4b93-b3e3-dc9b4f46bd46
18536c99-d4b4-4f3b-9005-1442f31bef8c,text/csv,2c60e421-6090-4dcf-9a53-34f7b563283f
57bd1dbf-7236-44d1-9846-4a62b8e82ade,text/csv,2c60e421-6090-4dcf-9a53-34f7b563283f
5e9b6903-297f-4464-be47-11af8b5f8e11,text/csv,29c822fd-95c3-44b3-8759-433dae4fa1b7
666224f1-0ae1-4c43-b7b0-145c774c607c,text/csv,e6c6cd1c-4504-46ff-a42d-d801c1fd9105
7dc96620-fc03-4c8d-9a37-4a4c83e04210,text/csv,9cc9adda-f75e-4e51-bc73-dbf0856e0c29
8c51a9b5-2785-4501-94ec-07e39510f0b0,application/octet-stream,b90eecbd-c5f5-495d-90be-edc2abb8be60
8e48eb85-1721-45e1-9107-9624cdf09153,text/csv,2d635eee-b14c-4134-b704-c0ae515b981e
ac74f9c5-2928-43a8-9aac-0e9d2088b004,text/csv,2dabaa5a-a037-4090-8529-573b7f441e24
ae280c1b-ba94-482a-bb22-432fc85ff5be,text/csv,29c822fd-95c3-44b3-8759-433dae4fa1b7
f5155c4e-b4ad-4509-8725-feefee6d3c1a,text/csv,26590fb8-1428-4b93-b3e3-dc9b4f46bd46
f84d5897-7183-4e57-8d61-e176b57c5155,text/csv,b90eecbd-c5f5-495d-90be-edc2abb8be60
ffb354e3-303b-4a16-97ac-3958dc62bbee,text/csv,2d635eee-b14c-4134-b704-c0ae515b981e
